scripts/attach-images-by-name.ts	11	attachImagesByName
scripts/attach-images-by-name.ts	84	getMimeType
scripts/clear-users.ts	5	main
scripts/debug-admins.ts	4	checkAdmins
scripts/debug-auth.ts	5	main
scripts/debug-product-22.ts	5	checkProduct
scripts/debug-products.ts	6	debugProducts
scripts/debug-rfq-mapping.ts	5	debug
scripts/fix-admin.ts	8	hashPassword
scripts/fix-admin.ts	18	fixAdmin
scripts/force-reset.ts	11	reset
scripts/generate-assets.ts	8	slugify
scripts/generate-assets.ts	16	generatePrompts
scripts/promote-new-products.ts	12	slugify
scripts/promote-new-products.ts	22	promoteNewProducts
scripts/seed-admin.ts	7	hashPassword
scripts/seed-admin.ts	15	seedAdmin
scripts/seed-categories.ts	125	slugify
scripts/seed-categories.ts	135	seedCategories
scripts/seed-products.ts	14	slugify
scripts/seed-products.ts	24	seedProducts
scripts/seed-sellers.ts	13	hashPassword
scripts/seed-sellers.ts	21	slugify
scripts/seed-sellers.ts	31	seedSellers
scripts/upgrade-to-real-images.ts	7	slugify
scripts/upgrade-to-real-images.ts	14	generatePollinationsUrl
scripts/upgrade-to-real-images.ts	19	upgradeImages
scripts/upload-images-to-s3.ts	10	uploadImages
scripts/upload-product-images.ts	16	uploadProductImages
scripts/validate-data.ts	5	validateData
src/components/AuthModal.tsx	26	handleEmailLogin
src/components/AuthModal.tsx	58	handleGoogleSignIn
src/components/CartSidebar.tsx	24	handleClickOutside
src/components/CategorySidebar.tsx	106	CategoryList
src/components/FeaturedProductsGrid.tsx	72	FeaturedProductsGridSkeleton
src/components/FeaturedProductsGrid.tsx	92	ProductCardSkeleton
src/components/FilterSidebar.tsx	53	toggleSection
src/components/FilterSidebar.tsx	63	handlePriceApply
src/components/FilterSidebar.tsx	71	handleMoqApply
src/components/FilterSidebar.tsx	79	handleLocationChange
src/components/FilterSidebar.tsx	87	handleVerifiedToggle
src/components/FilterSidebar.tsx	91	handleSortChange
src/components/FilterSidebar.tsx	95	clearAllFilters
src/components/FilterSidebar.tsx	99	hasActiveFilters
src/components/FilterSidebar.tsx	337	FilterSection
src/components/Header.tsx	47	handleAuthRequired
src/components/Header.tsx	55	handleLogout
src/components/HeroBanner.tsx	61	onTouchStart
src/components/HeroBanner.tsx	66	onTouchMove
src/components/HeroBanner.tsx	70	onTouchEnd
src/components/HeroBanner.tsx	86	handleKeyDown
src/components/NotificationBell.tsx	29	handleClickOutside
src/components/NotificationBell.tsx	41	handleMarkAsRead
src/components/NotificationBell.tsx	47	handleOpenNotification
src/components/NotificationBell.tsx	135	NotificationItem
src/components/NotificationBell.tsx	226	AlertTriangleIcon
src/components/OrderStatusTimeline.tsx	179	handleCopyTracking
src/components/OrderStatusTimeline.tsx	207	isStageCompleted
src/components/OrderStatusTimeline.tsx	213	isStageCurrent
src/components/OrderStatusTimeline.tsx	219	getStageDate
src/components/OrderStatusTimeline.tsx	575	OrderStatusBadge
src/components/OrderStatusTimeline.tsx	635	OrderProgressIndicator
src/components/PopularSuppliers.tsx	18	checkScrollability
src/components/PopularSuppliers.tsx	35	scroll
src/components/PopularSuppliers.tsx	90	SupplierCard
src/components/ProductCard.tsx	35	handleRequestQuote
src/components/PromoBanner.tsx	44	PromoStrip
src/components/PromoBanner.tsx	79	FrequentlySearched
src/components/QuickViewModal.tsx	53	handleQuantityChange
src/components/QuickViewModal.tsx	61	handleAddToCart
src/components/QuickViewModal.tsx	65	handleRequestQuote
src/components/QuoteActionModals.tsx	24	AcceptQuoteModal
src/components/QuoteActionModals.tsx	90	RejectQuoteModal
src/components/QuoteActionModals.tsx	182	CounterOfferModal
src/components/QuoteActionModals.tsx	202	handleSubmit
src/components/QuoteResponseModal.tsx	30	handleSubmit
src/components/QuoteResponseModal.tsx	56	handleClose
src/components/RFQFormModal.tsx	129	handleFileChange
src/components/RFQFormModal.tsx	151	removeFile
src/components/SearchBar.tsx	79	saveRecentSearch
src/components/SearchBar.tsx	91	performSearch
src/components/SearchBar.tsx	105	handleSubmit
src/components/SearchBar.tsx	110	handleSuggestionClick
src/components/SearchBar.tsx	122	handleProductSuggestionClick
src/components/SearchBar.tsx	127	clearSearch
src/components/SearchBar.tsx	132	clearRecentSearches
src/components/SearchBar.tsx	139	handleClickOutside
src/components/ThemeToggle.tsx	4	ThemeToggle
src/components/admin/AdminAuditLogsPage.tsx	223	severityBadge
src/components/admin/AdminAuditLogsPage.tsx	252	statusBadge
src/components/admin/AdminAuditLogsPage.tsx	264	AdminAuditLogsPage
src/components/admin/AdminAuditLogsPage.tsx	319	exportCsv
src/components/admin/AdminDashboardPage.tsx	50	generateGMVData
src/components/admin/AdminDashboardPage.tsx	68	generateUserGrowthData
src/components/admin/AdminDashboardPage.tsx	287	getActivityIcon
src/components/admin/AdminDashboardPage.tsx	306	getStatusBadge
src/components/admin/AdminDashboardPage.tsx	331	AdminDashboardPage
src/components/admin/AdminDashboardPage.tsx	373	dismissAlert
src/components/admin/AdminDisputesPage.tsx	329	statusBadge
src/components/admin/AdminDisputesPage.tsx	370	AdminDisputesPage
src/components/admin/AdminKYCPage.tsx	260	AdminKYCPage
src/components/admin/AdminKYCPage.tsx	290	fetchQueue
src/components/admin/AdminKYCPage.tsx	310	handleReview
src/components/admin/AdminKYCPage.tsx	330	handleAction
src/components/admin/AdminKYCPage.tsx	354	handler
src/components/admin/AdminKYCPage.tsx	408	toggleSelectAll
src/components/admin/AdminKYCPage.tsx	419	toggleSelectOne
src/components/admin/AdminLayout.tsx	78	getRoleBadgeColor
src/components/admin/AdminLayout.tsx	89	formatRole
src/components/admin/AdminLayout.tsx	96	AdminLayout
src/components/admin/AdminLayout.tsx	102	isActive
src/components/admin/AdminLoginPage.tsx	6	AdminLoginPage
src/components/admin/AdminLoginPage.tsx	16	handleSubmit
src/components/admin/AdminProductsPage.tsx	330	formatCurrency
src/components/admin/AdminProductsPage.tsx	334	statusBadge
src/components/admin/AdminProductsPage.tsx	393	AdminProductsPage
src/components/admin/AdminProductsPage.tsx	432	refreshSellerProducts
src/components/admin/AdminProductsPage.tsx	500	matchesStock
src/components/admin/AdminProductsPage.tsx	568	toggleSelectAll
src/components/admin/AdminProductsPage.tsx	579	toggleSelectOne
src/components/admin/AdminProductsPage.tsx	626	restoreDeletedProduct
src/components/admin/AdminProtectedRoute.tsx	15	AdminProtectedRoute
src/components/admin/AdminSettingsPage.tsx	52	AdminSettingsPage
src/components/admin/AdminSuppliersPage.tsx	138	formatCurrency
src/components/admin/AdminSuppliersPage.tsx	142	kycBadge
src/components/admin/AdminSuppliersPage.tsx	164	statusBadge
src/components/admin/AdminSuppliersPage.tsx	179	AdminSuppliersPage
src/components/admin/AdminSuppliersPage.tsx	191	loadSuppliers
src/components/admin/AdminSuppliersPage.tsx	263	matchesPerformance
src/components/admin/AdminSuppliersPage.tsx	320	toggleSelectAll
src/components/admin/AdminSuppliersPage.tsx	331	toggleSelectOne
src/components/admin/AdminUsersPage.tsx	273	formatCurrency
src/components/admin/AdminUsersPage.tsx	277	matchesOrderCount
src/components/admin/AdminUsersPage.tsx	285	statusBadge
src/components/admin/AdminUsersPage.tsx	307	AdminUsersPage
src/components/admin/AdminUsersPage.tsx	399	toggleSelectAll
src/components/admin/AdminUsersPage.tsx	410	toggleSelectOne
src/components/admin/AdminUsersPage.tsx	416	exportUsers
src/components/buyer/BuyerRFQsSection.tsx	67	toggleSort
src/components/buyer/BuyerRFQsSection.tsx	294	StatusBadge
src/components/buyer/BuyerRFQsSection.tsx	323	PlusCircleIcon
src/components/checkout/AddressCard.tsx	20	AddressCard
src/components/checkout/AddressCard.tsx	27	getIcon
src/components/checkout/AddressFormModal.tsx	30	AddressFormModal
src/components/checkout/CheckoutLayout.tsx	15	CheckoutLayout
src/components/checkout/GuestAddressForm.tsx	24	GuestAddressForm
src/components/demo.FormComponents.tsx	5	SubscribeButton
src/components/demo.FormComponents.tsx	22	ErrorMessages
src/components/demo.FormComponents.tsx	41	TextField
src/components/demo.FormComponents.tsx	68	TextArea
src/components/demo.FormComponents.tsx	95	Select
src/components/demo.chat-area.tsx	14	postMessage
src/components/demo.chat-area.tsx	21	handleKeyPress
src/components/demo.messages.tsx	3	getAvatarColor
src/components/seller/AddProductPage.tsx	80	AddProductPage
src/components/seller/AddProductPage.tsx	313	computeActive
src/components/seller/AddProductPage.tsx	332	onScroll
src/components/seller/AddProductPage.tsx	484	handleTagInput
src/components/seller/AddProductPage.tsx	497	removeTag
src/components/seller/AddProductPage.tsx	501	addTier
src/components/seller/AddProductPage.tsx	508	updateTier
src/components/seller/AddProductPage.tsx	514	removeTier
src/components/seller/AddProductPage.tsx	519	addSpecRow
src/components/seller/AddProductPage.tsx	526	updateSpec
src/components/seller/AddProductPage.tsx	532	removeSpec
src/components/seller/AddProductPage.tsx	536	handleImageFiles
src/components/seller/AddProductPage.tsx	562	validateImage
src/components/seller/AddProductPage.tsx	569	simulateUploadProgress
src/components/seller/AddProductPage.tsx	582	removeImage
src/components/seller/AddProductPage.tsx	592	setPrimaryImage
src/components/seller/AddProductPage.tsx	598	onDragStart
src/components/seller/AddProductPage.tsx	620	validateAll
src/components/seller/AddProductPage.tsx	677	handleSubmit
src/components/seller/AddProductPage.tsx	684	doSubmit
src/components/seller/AddProductPage.tsx	797	handlePreview
src/components/seller/AddProductPage.tsx	1607	Field
src/components/seller/AddProductPage.tsx	1644	SelectField
src/components/seller/AddProductPage.tsx	1690	ToolbarButton
src/components/seller/AddProductPage.tsx	1708	Modal
src/components/seller/AddProductPage.tsx	1743	sanitizeHtml
src/components/seller/AddProductPage.tsx	1760	compressImage
src/components/seller/AddProductPage.tsx	1780	generateThumbnail
src/components/seller/BulkImportModal.tsx	75	BulkImportModal
src/components/seller/BulkImportModal.tsx	123	downloadCsvTemplate
src/components/seller/BulkImportModal.tsx	128	downloadExcelTemplate
src/components/seller/BulkImportModal.tsx	140	handleFile
src/components/seller/BulkImportModal.tsx	176	handleImport
src/components/seller/BulkImportModal.tsx	181	downloadErrorReport
src/components/seller/BulkImportModal.tsx	476	SummaryCard
src/components/seller/BulkImportModal.tsx	499	downloadFile
src/components/seller/BulkImportModal.tsx	513	parseCsv
src/components/seller/BulkImportModal.tsx	528	parseExcel
src/components/seller/BulkImportModal.tsx	544	parseCsvLine
src/components/seller/BulkImportModal.tsx	570	normalizeHeader
src/components/seller/BulkImportModal.tsx	577	toImportRow
src/components/seller/BulkImportModal.tsx	597	validateRows
src/components/seller/SellerAnalyticsPage.tsx	128	SellerAnalyticsPage
src/components/seller/SellerAnalyticsPage.tsx	531	KpiCard
src/components/seller/SellerAnalyticsPage.tsx	585	InfoCard
src/components/seller/SellerDashboardPage.tsx	53	SellerDashboardPage
src/components/seller/SellerDashboardPage.tsx	599	MetricCard
src/components/seller/SellerDashboardPage.tsx	652	StatusBadge
src/components/seller/SellerDashboardPage.tsx	671	ActionButton
src/components/seller/SellerDashboardPage.tsx	694	VerificationStatus
src/components/seller/SellerDashboardPage.tsx	756	ChartSkeleton
src/components/seller/SellerDashboardPage.tsx	762	TableSkeleton
src/components/seller/SellerDashboardPage.tsx	775	PanelSkeleton
src/components/seller/SellerDashboardPage.tsx	788	EmptyState
src/components/seller/SellerHeader.tsx	12	SellerHeader
src/components/seller/SellerHeader.tsx	19	handleClickOutside
src/components/seller/SellerKYCPage.tsx	53	SellerKYCPage
src/components/seller/SellerKYCPage.tsx	110	updateUpload
src/components/seller/SellerKYCPage.tsx	129	simulateProgress
src/components/seller/SellerKYCPage.tsx	144	validateFile
src/components/seller/SellerKYCPage.tsx	163	handleBrowse
src/components/seller/SellerKYCPage.tsx	168	clearUpload
src/components/seller/SellerKYCPage.tsx	174	toggleCategory
src/components/seller/SellerKYCPage.tsx	182	validateSubmission
src/components/seller/SellerKYCPage.tsx	193	handleSubmit
src/components/seller/SellerKYCPage.tsx	199	confirmSubmit
src/components/seller/SellerKYCPage.tsx	515	StatusBadge
src/components/seller/SellerKYCPage.tsx	540	DocumentUploader
src/components/seller/SellerKYCPage.tsx	650	ConfirmationModal
src/components/seller/SellerKYCPage.tsx	715	compressImageIfNeeded
src/components/seller/SellerKYCPage.tsx	739	fileToBase64
src/components/seller/SellerKYCPage.tsx	756	buildSubmissionPayload
src/components/seller/SellerLayout.tsx	10	SellerLayout
src/components/seller/SellerLoginPage.tsx	11	SellerLoginPage
src/components/seller/SellerLoginPage.tsx	31	validate
src/components/seller/SellerLoginPage.tsx	43	mapErrorMessage
src/components/seller/SellerLoginPage.tsx	54	handleSubmit
src/components/seller/SellerLoginPage.tsx	89	handleGoogleLogin
src/components/seller/SellerLoginPage.tsx	294	StatCard
src/components/seller/SellerLoginPage.tsx	305	BenefitTile
src/components/seller/SellerMobileNav.tsx	12	SellerMobileNav
src/components/seller/SellerOrdersPage.tsx	59	SellerOrdersPage
src/components/seller/SellerOrdersPage.tsx	408	OrderDetail
src/components/seller/SellerOrdersPage.tsx	469	ActionMenu
src/components/seller/SellerOrdersPage.tsx	508	EmptyState
src/components/seller/SellerOrdersPage.tsx	519	OrderSkeleton
src/components/seller/SellerOrdersPage.tsx	532	statusBadge
src/components/seller/SellerOrdersPage.tsx	551	actionLabel
src/components/seller/SellerOrdersPage.tsx	560	formatDate
src/components/seller/SellerOrdersPage.tsx	568	formatBdt
src/components/seller/SellerPayoutsPage.tsx	121	SellerPayoutsPage
src/components/seller/SellerPayoutsPage.tsx	500	BalanceCard
src/components/seller/SellerPayoutsPage.tsx	569	WithdrawModal
src/components/seller/SellerPayoutsPage.tsx	660	statusBadge
src/components/seller/SellerProductsPage.tsx	43	SellerProductsPage
src/components/seller/SellerProductsPage.tsx	76	matchesQuery
src/components/seller/SellerProductsPage.tsx	116	toggleSelection
src/components/seller/SellerProductsPage.tsx	122	toggleSelectAll
src/components/seller/SellerProductsPage.tsx	147	handleBulkAction
src/components/seller/SellerProductsPage.tsx	156	handleAction
src/components/seller/SellerProductsPage.tsx	175	handleDeleteProducts
src/components/seller/SellerProductsPage.tsx	205	handleExport
src/components/seller/SellerProductsPage.tsx	570	BulkActions
src/components/seller/SellerProductsPage.tsx	607	ExportMenu
src/components/seller/SellerProductsPage.tsx	636	RowActions
src/components/seller/SellerProductsPage.tsx	677	statusBadge
src/components/seller/SellerProductsPage.tsx	690	stockBadge
src/components/seller/SellerProductsPage.tsx	698	EmptyState
src/components/seller/SellerProductsPage.tsx	744	ProductSkeleton
src/components/seller/SellerProfilePage.tsx	25	SellerProfilePage
src/components/seller/SellerProfilePage.tsx	33	showMessage
src/components/seller/SellerProfilePage.tsx	40	handleUpdate
src/components/seller/SellerProfilePage.tsx	125	BusinessTab
src/components/seller/SellerProfilePage.tsx	152	toggleCategory
src/components/seller/SellerProfilePage.tsx	158	handleSaveBusiness
src/components/seller/SellerProfilePage.tsx	167	handleSaveContact
src/components/seller/SellerProfilePage.tsx	297	BankTab
src/components/seller/SellerProfilePage.tsx	313	handleSaveBank
src/components/seller/SellerProfilePage.tsx	381	KycTab
src/components/seller/SellerProfilePage.tsx	441	NotificationsTab
src/components/seller/SellerProfilePage.tsx	497	SecurityTab
src/components/seller/SellerProfilePage.tsx	593	StoreTab
src/components/seller/SellerProfilePage.tsx	698	SectionCard
src/components/seller/SellerProfilePage.tsx	715	Field
src/components/seller/SellerProfilePage.tsx	753	TextArea
src/components/seller/SellerProfilePage.tsx	785	SelectField
src/components/seller/SellerProfilePage.tsx	823	FileField
src/components/seller/SellerProfilePage.tsx	855	DocumentRow
src/components/seller/SellerProfilePage.tsx	877	NotificationRow
src/components/seller/SellerProfilePage.tsx	888	Toggle
src/components/seller/SellerProtectedRoute.tsx	11	SellerProtectedRoute
src/components/seller/SellerRFQsPage.tsx	119	SellerRFQsPage
src/components/seller/SellerRFQsPage.tsx	134	fetchRfqs
src/components/seller/SellerRFQsPage.tsx	478	StatCard
src/components/seller/SellerRFQsPage.tsx	491	InfoItem
src/components/seller/SellerRFQsPage.tsx	502	UrgencyBadge
src/components/seller/SellerRFQsPage.tsx	525	Badge
src/components/seller/SellerRFQsPage.tsx	535	SearchIcon
src/components/seller/SellerRFQsPage.tsx	544	statusBadge
src/components/seller/SellerRFQsPage.tsx	558	RFQDetailPanel
src/components/seller/SellerRFQsPage.tsx	724	SendQuoteModal
src/components/seller/SellerRFQsPage.tsx	747	getDepositPercentage
src/components/seller/SellerRFQsPage.tsx	888	Modal
src/components/seller/SellerRFQsPage.tsx	923	EmptyState
src/components/seller/SellerRFQsPage.tsx	932	RfqSkeleton
src/components/seller/SellerRegistrationPage.tsx	41	SellerRegistrationPage
src/components/seller/SellerRegistrationPage.tsx	90	updateField
src/components/seller/SellerRegistrationPage.tsx	94	validateStep1
src/components/seller/SellerRegistrationPage.tsx	111	validateStep2
src/components/seller/SellerRegistrationPage.tsx	133	validateStep3
src/components/seller/SellerRegistrationPage.tsx	149	handleNext
src/components/seller/SellerRegistrationPage.tsx	154	handleBack
src/components/seller/SellerRegistrationPage.tsx	159	handleSubmit
src/components/seller/SellerRegistrationPage.tsx	466	BenefitCard
src/components/seller/SellerRegistrationPage.tsx	485	StepBadge
src/components/seller/SellerRegistrationPage.tsx	502	Field
src/components/seller/SellerRegistrationPage.tsx	548	SelectField
src/components/seller/SellerSidebar.tsx	30	SellerSidebar
src/components/seller/SellerToastProvider.tsx	25	SellerToastProvider
src/components/seller/SellerToastProvider.tsx	68	useSellerToast
src/contexts/AdminAuthContext.tsx	38	AdminAuthProvider
src/contexts/AdminAuthContext.tsx	74	updateActivity
src/contexts/AdminAuthContext.tsx	91	handleBeforeUnload
src/contexts/AdminAuthContext.tsx	147	useAdminAuth
src/contexts/AuthContext.tsx	26	AuthProvider
src/contexts/AuthContext.tsx	35	logout
src/contexts/AuthContext.tsx	48	refreshUser
src/contexts/AuthContext.tsx	53	verifyPasswordStatus
src/contexts/AuthContext.tsx	116	useAuth
src/contexts/CartContext.tsx	95	CartProvider
src/contexts/CartContext.tsx	400	useCart
src/contexts/CheckoutContext.tsx	41	CheckoutProvider
src/contexts/CheckoutContext.tsx	83	setShippingAddressId
src/contexts/CheckoutContext.tsx	85	setPaymentMethod
src/contexts/CheckoutContext.tsx	87	setPaymentDetails
src/contexts/CheckoutContext.tsx	89	setPoNumber
src/contexts/CheckoutContext.tsx	91	setNotes
src/contexts/CheckoutContext.tsx	93	setIsPaymentVerified
src/contexts/CheckoutContext.tsx	113	useCheckout
src/contexts/NotificationContext.tsx	110	NotificationProvider
src/contexts/NotificationContext.tsx	208	handleStorage
src/contexts/NotificationContext.tsx	217	flushNotificationQueue
src/contexts/NotificationContext.tsx	243	markAsRead
src/contexts/NotificationContext.tsx	249	toggleRead
src/contexts/NotificationContext.tsx	255	markAllAsRead
src/contexts/NotificationContext.tsx	259	archiveNotification
src/contexts/NotificationContext.tsx	265	restoreNotification
src/contexts/NotificationContext.tsx	298	fetchStockAlerts
src/contexts/NotificationContext.tsx	338	updatePreferences
src/contexts/NotificationContext.tsx	375	useNotifications
src/contexts/SellerAuthContext.tsx	39	SellerAuthProvider
src/contexts/SellerAuthContext.tsx	198	useSellerAuth
src/contexts/ThemeContext.tsx	23	ThemeProvider
src/contexts/ThemeContext.tsx	85	useTheme
src/contexts/WishlistContext.tsx	19	WishlistProvider
src/contexts/WishlistContext.tsx	33	addToWishlist
src/contexts/WishlistContext.tsx	57	removeFromWishlist
src/contexts/WishlistContext.tsx	61	toggleWishlist
src/contexts/WishlistContext.tsx	89	isInWishlist
src/contexts/WishlistContext.tsx	113	useWishlist
src/data/demo-table-data.ts	14	range
src/data/demo-table-data.ts	38	makeData
src/data/demo.punk-songs.ts	3	getPunkSongs
src/data/mock-rfqs.ts	21	getProduct
src/db/login-events.ts	5	createLoginEvent
src/db/login-events.ts	9	getLoginEventsByUserId
src/hooks/demo.useChat.ts	8	useStreamConnection
src/hooks/demo.useChat.ts	15	fetchData
src/hooks/demo.useChat.ts	44	useChat
src/hooks/demo.useChat.ts	47	sendMessage
src/hooks/demo.useChat.ts	57	useMessages
src/hooks/useCouponValidation.ts	39	useCouponValidation
src/hooks/useProductFilters.ts	26	useProductFilters
src/hooks/useProductFilters.ts	130	parseSearchParamsToFilters
src/hooks/useProductFilters.ts	147	filtersToSearchParams
src/integrations/tanstack-query/root-provider.tsx	3	getContext
src/integrations/tanstack-query/root-provider.tsx	10	Provider
src/lib/address-actions.ts	7	getAddresses
src/lib/address-actions.ts	13	addAddress
src/lib/address-actions.ts	27	updateAddress
src/lib/address-actions.ts	47	deleteAddress
src/lib/admin-auth-server.ts	15	generateToken
src/lib/admin-auth-server.ts	27	verifyAdminToken
src/lib/admin-auth-server.ts	50	hashPassword
src/lib/admin-auth-server.ts	58	verifyPassword
src/lib/admin-auth-server.ts	103	adminLogin
src/lib/admin-auth-server.ts	179	getAdminSession
src/lib/admin-auth-server.ts	186	validateAdminToken
src/lib/admin-auth-server.ts	217	createAdmin
src/lib/admin-product-server.ts	12	getOrCreateSupplierForSeller
src/lib/admin-product-server.ts	49	getAdminSellerProducts
src/lib/admin-product-server.ts	104	approveSellerProduct
src/lib/admin-product-server.ts	197	declineSellerProduct
src/lib/admin-product-server.ts	238	restoreSellerDeletedProduct
src/lib/admin-supplier-server.ts	51	getAdminSuppliers
src/lib/auth-server.ts	23	getAuthSession
src/lib/auth-server.ts	29	setUserPassword
src/lib/auth-server.ts	67	updateUserPassword
src/lib/auth-server.ts	105	checkUserPasswordStatus
src/lib/auth-server.ts	121	verifyResetCode
src/lib/cart-actions.ts	7	validateCartServer
src/lib/cart-utils.ts	52	validateMoq
src/lib/cart-utils.ts	77	validateStock
src/lib/cart-utils.ts	96	validateCartItem
src/lib/cart-utils.ts	132	validateCart
src/lib/cart-utils.ts	183	calculateSupplierBreakdown
src/lib/cart-utils.ts	231	validateCoupon
src/lib/cart-utils.ts	301	calculateDiscount
src/lib/cart-utils.ts	366	calculateCartTotals
src/lib/cart-utils.ts	414	saveCartToStorage
src/lib/cart-utils.ts	441	loadCartFromStorage
src/lib/cart-utils.ts	468	clearCartFromStorage
src/lib/cart-utils.ts	485	mergeGuestCartWithUserCart
src/lib/cart-utils.ts	531	generateCartItemId
src/lib/cart-utils.ts	541	formatCurrency
src/lib/cart-utils.ts	555	calculateSavings
src/lib/email.ts	77	sendVerificationEmail
src/lib/email.ts	156	sendInvoiceEmail
src/lib/email.ts	205	sendCancellationEmail
src/lib/email.ts	247	sendOrderStatusEmail
src/lib/email.ts	309	sendStockAlertEmail
src/lib/email.ts	367	sendRfqEmail
src/lib/email.ts	415	sendQuoteEmail
src/lib/notifications.ts	16	sendOrderStatusEmail
src/lib/notifications.ts	55	sendSmsNotification
src/lib/notifications.ts	65	sendPushNotification
src/lib/notifications.ts	77	buildOrderNumber
src/lib/order-actions.ts	10	getOrder
src/lib/order-actions.ts	74	createOrder
src/lib/order-actions.ts	219	updateOrderPayment
src/lib/order-actions.ts	268	getBuyerOrders
src/lib/order-utils.ts	7	generateOrderNumber
src/lib/order-utils.ts	16	calculateEstimatedDelivery
src/lib/order-utils.ts	26	canCancelOrder
src/lib/order-utils.ts	33	generateInvoiceUrl
src/lib/product-images-s3.ts	12	getS3Client
src/lib/product-images-s3.ts	36	getExtFromMime
src/lib/product-images-s3.ts	45	uploadProductImage
src/lib/product-images-s3.ts	75	deleteProductImage
src/lib/product-server.ts	76	mapProduct
src/lib/product-server.ts	115	getFeaturedProducts
src/lib/product-server.ts	126	getNewArrivals
src/lib/product-server.ts	137	getTopRanking
src/lib/product-server.ts	149	getVerifiedSuppliersList
src/lib/product-server.ts	171	mapProductDetail
src/lib/product-server.ts	249	getProductBySlug
src/lib/product-server.ts	296	getProductSuggestions
src/lib/product-server.ts	323	searchProducts
src/lib/quote-server.ts	24	submitRFQ
src/lib/quote-server.ts	118	uploadRfqAttachment
src/lib/quote-server.ts	155	sendQuote
src/lib/quote-server.ts	271	getSellerRfqs
src/lib/quote-server.ts	304	getBuyerRfqs
src/lib/quote-server.ts	329	getBuyerQuotes
src/lib/quote-server.ts	369	getRfqById
src/lib/quote-server.ts	437	updateQuoteStatus
src/lib/rfq-validation.ts	50	validateMoq
src/lib/rfq-validation.ts	60	validatePrice
src/lib/rfq-validation.ts	69	calculateExpiry
src/lib/rfq-validation.ts	80	isExpired
src/lib/s3.ts	13	getS3Client
src/lib/s3.ts	36	uploadToS3
src/lib/s3.ts	77	getSignedUrl
src/lib/s3.ts	90	deleteFromS3
src/lib/sanitize.ts	30	sanitizeHtml
src/lib/sanitize.ts	38	sanitizeText
src/lib/seller-auth-server.ts	16	generateToken
src/lib/seller-auth-server.ts	28	verifySellerToken
src/lib/seller-auth-server.ts	52	hashPassword
src/lib/seller-auth-server.ts	60	mapSellerToUser
src/lib/seller-auth-server.ts	88	verifyPassword
src/lib/seller-auth-server.ts	126	sellerRegister
src/lib/seller-auth-server.ts	216	setSellerPassword
src/lib/seller-auth-server.ts	274	updateSellerProfile
src/lib/seller-auth-server.ts	332	requestSellerPasswordReset
src/lib/seller-auth-server.ts	376	verifySellerResetCode
src/lib/seller-auth-server.ts	421	sellerGoogleLogin
src/lib/seller-auth-server.ts	450	sellerLogin
src/lib/seller-auth-server.ts	488	getSellerSession
src/lib/seller-auth-server.ts	495	validateSellerToken
src/lib/seller-kyc-server.ts	33	bufferFromBase64
src/lib/seller-kyc-server.ts	39	getExtension
src/lib/seller-kyc-server.ts	45	processAndUploadDocument
src/lib/seller-kyc-server.ts	74	submitSellerKyc
src/lib/seller-kyc-server.ts	135	getKycReviewQueue
src/lib/seller-kyc-server.ts	166	getSellerKycDetails
src/lib/seller-kyc-server.ts	235	reviewSellerKyc
src/lib/seller-order-server.ts	49	formatOrderNumber
src/lib/seller-order-server.ts	64	getSellerOrders
src/lib/seller-order-server.ts	229	updateSellerOrderStatus
src/lib/seller-product-server.ts	10	uploadSellerProductImage
src/lib/seller-product-server.ts	86	submitSellerProduct
src/lib/seller-product-server.ts	157	getSellerProducts
src/lib/seller-product-server.ts	188	getSellerProductById
src/lib/seller-product-server.ts	217	updateSellerProduct
src/lib/seller-product-server.ts	366	deleteSellerProducts
src/lib/supplier-server.ts	17	getSupplierRfqs
src/lib/supplier-server.ts	67	respondToRfq
src/lib/validators.ts	3	isValidBDPhone
src/router.tsx	9	getRouter
src/routes/__root.tsx	87	NotFoundPage
src/routes/__root.tsx	107	RootDocument
src/routes/__root.tsx	122	getTheme
src/routes/account.tsx	30	getAccountData
src/routes/account.tsx	72	updateProfile
src/routes/account.tsx	108	upsertAddress
src/routes/account.tsx	177	deleteAddress
src/routes/account.tsx	210	AccountPage
src/routes/account.tsx	316	ProfileSection
src/routes/account.tsx	496	AddressSection
src/routes/account.tsx	505	handleDelete
src/routes/account.tsx	602	AddressForm
src/routes/account.tsx	765	SecuritySection
src/routes/account.tsx	775	generateStrongPassword
src/routes/account.tsx	996	OrdersSection
src/routes/admin/route.tsx	9	AdminRouteWrapper
src/routes/api.$.ts	4	handle
src/routes/api/cart/validate-coupon.ts	165	validateCoupon
src/routes/api/orders/$orderId/status.ts	229	buildRefundSummary
src/routes/api/orders/$orderId/status.ts	249	buildOrderNumber
src/routes/auth/set-password.tsx	50	ValidationItem
src/routes/auth/set-password.tsx	67	SetPasswordPage
src/routes/auth/set-password.tsx	98	handleSubmit
src/routes/auth/set-password.tsx	142	generatePassword
src/routes/auth/set-password.tsx	168	handleSkip
src/routes/buyer/notifications.tsx	22	NotificationsPage
src/routes/buyer/notifications.tsx	41	fetchAlerts
src/routes/buyer/notifications.tsx	56	handleUnsubscribeAlert
src/routes/buyer/notifications.tsx	71	byOrder
src/routes/buyer/notifications.tsx	428	ToggleRow
src/routes/buyer/orders/$orderId.tsx	137	OrderDetailPage
src/routes/buyer/orders/$orderId.tsx	272	handleCopyOrderId
src/routes/buyer/orders/$orderId.tsx	279	handleReorder
src/routes/buyer/orders/$orderId.tsx	306	evaluateReorderSelection
src/routes/buyer/orders/$orderId.tsx	328	addItemsToCart
src/routes/buyer/orders/$orderId.tsx	370	handleDownloadInvoice
src/routes/buyer/orders/$orderId.tsx	376	fetchInvoice
src/routes/buyer/orders/$orderId.tsx	390	downloadOrGenerateInvoice
src/routes/buyer/orders/$orderId.tsx	419	handleEmailInvoice
src/routes/buyer/orders/$orderId.tsx	452	handleCancelOrder
src/routes/buyer/orders/$orderId.tsx	612	handleSupplierSelectionChange
src/routes/buyer/orders/$orderId.tsx	619	handleSupplierContinue
src/routes/buyer/orders/$orderId.tsx	637	handleSupplierQuickReorder
src/routes/buyer/orders/$orderId.tsx	646	handleAddAvailableItemsOnly
src/routes/buyer/orders/$orderId.tsx	660	handleViewAlternatives
src/routes/buyer/orders/$orderId.tsx	666	handleNotifyBackInStock
src/routes/buyer/orders/$orderId.tsx	1508	ReorderModalShell
src/routes/buyer/orders/$orderId.tsx	1565	itemSupplierKey
src/routes/buyer/orders/$orderId.tsx	1569	getCancelReasonLabel
src/routes/buyer/orders/$orderId.tsx	1586	shouldNotifyStatus
src/routes/buyer/orders/$orderId.tsx	1610	buildOrderStatusNotification
src/routes/buyer/orders/$orderId.tsx	1681	buildReorderItems
src/routes/buyer/orders/$orderId.tsx	1725	buildSupplierGroups
src/routes/buyer/orders/$orderId.tsx	1744	buildAlternatives
src/routes/buyer/orders/$orderId.tsx	1780	formatOrderLabel
src/routes/buyer/orders/$orderId.tsx	1787	persistReorderHighlight
src/routes/buyer/orders/$orderId.tsx	1806	trackReorderAnalytics
src/routes/buyer/orders/$orderId.tsx	1864	buildInvoiceMeta
src/routes/buyer/orders/$orderId.tsx	1919	generateInvoicePdf
src/routes/buyer/orders/$orderId.tsx	2080	buildInvoiceFileName
src/routes/buyer/orders/$orderId.tsx	2087	triggerInvoiceDownload
src/routes/buyer/orders/$orderId.tsx	2096	loadImageAsDataUrl
src/routes/buyer/orders/$orderId.tsx	2123	buildStageTimestamps
src/routes/buyer/orders/$orderId.tsx	2159	getMockStatusByNow
src/routes/buyer/orders/$orderId.tsx	2178	ensureForwardStatus
src/routes/buyer/orders/$orderId.tsx	2188	buildMockTrackingInfo
src/routes/buyer/orders/index.tsx	43	BuyerOrderHistoryPage
src/routes/buyer/orders/index.tsx	151	handleTabChange
src/routes/buyer/orders/index.tsx	392	filterOrdersByTab
src/routes/buyer/orders/index.tsx	422	OrderCard
src/routes/buyer/orders/index.tsx	453	handleDownloadInvoice
src/routes/buyer/orders/index.tsx	557	EmptyState
src/routes/buyer/orders/route.tsx	7	OrdersLayout
src/routes/buyer/rfqs/$rfqId.tsx	55	RFQDetailPage
src/routes/buyer/rfqs/$rfqId.tsx	80	handleRefresh
src/routes/buyer/rfqs/$rfqId.tsx	109	closeActionModal
src/routes/buyer/rfqs/$rfqId.tsx	115	handleConfirmAccept
src/routes/buyer/rfqs/$rfqId.tsx	137	handleConfirmReject
src/routes/buyer/rfqs/$rfqId.tsx	159	handleConfirmCounter
src/routes/buyer/rfqs/$rfqId.tsx	183	handleCheckout
src/routes/buyer/rfqs/$rfqId.tsx	589	QuoteCard
src/routes/buyer/rfqs/$rfqId.tsx	759	StatusBadge
src/routes/buyer/rfqs/index.tsx	10	BuyerRFQInbox
src/routes/cart.tsx	72	ServerValidationBanner
src/routes/cart.tsx	119	MoqWarningBanner
src/routes/cart.tsx	327	CartItemRow
src/routes/cart.tsx	349	handleDecrement
src/routes/cart.tsx	355	handleIncrement
src/routes/cart.tsx	361	handleInputChange
src/routes/cart.tsx	368	handleInputBlur
src/routes/cart.tsx	383	handleInputKeyDown
src/routes/cart.tsx	389	handleRemove
src/routes/cart.tsx	396	handleIncreaseToMoq
src/routes/cart.tsx	652	SupplierGroup
src/routes/cart.tsx	780	EmptyCart
src/routes/cart.tsx	816	CouponSection
src/routes/cart.tsx	831	handleApply
src/routes/cart.tsx	839	handleKeyDown
src/routes/cart.tsx	845	handleInputChange
src/routes/cart.tsx	1000	OrderSummary
src/routes/cart.tsx	1166	CartPage
src/routes/cart.tsx	1203	validate
src/routes/cart.tsx	1270	toggleSupplier
src/routes/cart.tsx	1283	handleFixAllMoq
src/routes/cart.tsx	1295	handleIncreaseToMoq
src/routes/cart.tsx	1299	handleCheckout
src/routes/categories/$categorySlug.tsx	40	CategoryPage
src/routes/categories/$categorySlug.tsx	125	handlePageChange
src/routes/categories/$categorySlug.tsx	458	FilterTag
src/routes/checkout/index.tsx	24	CheckoutPage
src/routes/checkout/index.tsx	58	fetchAddresses
src/routes/checkout/index.tsx	88	handleAddAddress
src/routes/checkout/index.tsx	111	handleUpdateAddress
src/routes/checkout/index.tsx	137	handleDeleteAddress
src/routes/checkout/index.tsx	153	handleGuestSubmit
src/routes/checkout/index.tsx	161	handleContinue
src/routes/checkout/payment-callback.tsx	25	PaymentCallbackPage
src/routes/checkout/payment.tsx	23	PaymentPage
src/routes/checkout/payment.tsx	68	handleMethodSelect
src/routes/checkout/payment.tsx	77	handleContinue
src/routes/checkout/payment.tsx	174	updatePaymentForm
src/routes/checkout/payment.tsx	178	renderTransferForm
src/routes/checkout/review.tsx	29	ReviewPage
src/routes/checkout/review.tsx	74	handlePlaceOrder
src/routes/checkout/review.tsx	224	getPaymentMethodLabel
src/routes/checkout/route.tsx	8	CheckoutLayoutWrapper
src/routes/demo/db-chat-api.ts	39	sendMessage
src/routes/demo/db-chat.tsx	9	App
src/routes/demo/drizzle.tsx	7	getTodos
src/routes/demo/drizzle.tsx	15	createTodo
src/routes/demo/drizzle.tsx	29	DemoDrizzle
src/routes/demo/drizzle.tsx	33	handleSubmit
src/routes/demo/form.address.tsx	9	AddressForm
src/routes/demo/form.simple.tsx	15	SimpleForm
src/routes/demo/hono-todo.tsx	36	HonoTodos
src/routes/demo/start.api-request.tsx	5	getNames
src/routes/demo/start.api-request.tsx	15	Home
src/routes/demo/start.server-funcs.tsx	13	loggedServerFunction
src/routes/demo/start.server-funcs.tsx	20	readTodos
src/routes/demo/start.server-funcs.tsx	35	getTodos
src/routes/demo/start.server-funcs.tsx	39	addTodo
src/routes/demo/start.server-funcs.tsx	53	Home
src/routes/demo/start.ssr.data-only.tsx	10	RouteComponent
src/routes/demo/start.ssr.full-ssr.tsx	9	RouteComponent
src/routes/demo/start.ssr.index.tsx	7	RouteComponent
src/routes/demo/start.ssr.spa-mode.tsx	10	RouteComponent
src/routes/demo/table.tsx	72	TableDemo
src/routes/demo/table.tsx	112	refreshData
src/routes/demo/table.tsx	317	Filter
src/routes/demo/table.tsx	332	DebouncedInput
src/routes/demo/tanstack-query.tsx	14	TanStackQueryDemo
src/routes/forgot-password.tsx	11	ForgotPasswordPage
src/routes/forgot-password.tsx	19	handleEmailSubmit
src/routes/forgot-password.tsx	44	handleOtpSubmit
src/routes/index.tsx	48	HomePage
src/routes/index.tsx	61	handleQuickView
src/routes/index.tsx	65	handleAddToCart
src/routes/index.tsx	217	getCategoryEmoji
src/routes/login.tsx	22	LoginPage
src/routes/login.tsx	29	handleGoogleSignIn
src/routes/login.tsx	36	handleEmailSignIn
src/routes/mock-payment/bkash.tsx	15	MockBkashPage
src/routes/mock-payment/bkash.tsx	24	handleNext
src/routes/mock-payment/bkash.tsx	34	handleConfirm
src/routes/mock-payment/bkash.tsx	51	handleCancel
src/routes/order-confirmation/$orderId.tsx	29	OrderConfirmationPage
src/routes/order-confirmation/$orderId.tsx	83	handleCopyOrderNumber
src/routes/order-confirmation/$orderId.tsx	88	handleShare
src/routes/products/$productSlug.tsx	42	ProductDetailPage
src/routes/products/$productSlug.tsx	83	handleQuantityChange
src/routes/products/$productSlug.tsx	91	handleSampleToggle
src/routes/products/$productSlug.tsx	98	handleAddToCart
src/routes/products/$productSlug.tsx	122	handleRequestQuote
src/routes/products/$productSlug.tsx	130	handleOpenStockAlert
src/routes/products/$productSlug.tsx	134	handleSubmitStockAlert
src/routes/quotes/index.tsx	29	QuotesPage
src/routes/quotes/index.tsx	50	handleCounterSubmit
src/routes/quotes/index.tsx	276	FileTextIcon
src/routes/register.tsx	40	RegisterPage
src/routes/register.tsx	64	generateStrongPassword
src/routes/register.tsx	92	handleGoogleSignIn
src/routes/register.tsx	99	handleEmailSignUp
src/routes/reset-password.tsx	25	ResetPasswordPage
src/routes/reset-password.tsx	52	generateStrongPassword
src/routes/reset-password.tsx	79	handleSubmit
src/routes/reset-password.tsx	279	RequirementItem
src/routes/search.tsx	58	SearchPage
src/routes/search.tsx	80	handleQuickView
src/routes/search.tsx	84	handleAddToCart
src/routes/search.tsx	188	handlePageChange
src/routes/search.tsx	593	FilterTag
src/routes/seller/callback.tsx	11	SellerCallback
src/routes/seller/callback.tsx	19	checkSeller
src/routes/seller/faq.tsx	7	SellerFaqPage
src/routes/seller/forgot-password.tsx	14	SellerForgotPasswordPage
src/routes/seller/forgot-password.tsx	22	handleSubmitEmail
src/routes/seller/forgot-password.tsx	38	handleVerifyCode
src/routes/seller/help.tsx	7	SellerHelpPage
src/routes/seller/products/$productId/edit.tsx	10	EditProductRoute
src/routes/seller/route.tsx	10	SellerRouteWrapper
src/routes/supplier/dashboard.tsx	23	SupplierDashboard
src/routes/supplier/dashboard.tsx	28	handleOpenQuote
src/routes/supplier/dashboard.tsx	33	handleQuoteSuccess
src/routes/supplier/rfqs.tsx	29	SupplierRFQInbox
src/routes/supplier/rfqs.tsx	51	handleSendQuote
src/routes/supplier/rfqs.tsx	55	handleQuoteSuccess
src/routes/supplier/rfqs.tsx	157	SupplierRFQCard
src/routes/supplier/rfqs.tsx	238	QuoteResponseModal
src/routes/supplier/rfqs.tsx	257	handleSubmit
src/routes/wishlist.tsx	22	WishlistItem
src/routes/wishlist.tsx	31	handleAddToCart
src/routes/wishlist.tsx	43	increment
src/routes/wishlist.tsx	44	decrement
src/routes/wishlist.tsx	149	WishlistPage
src/routes/wishlist.tsx	153	handleShare
src/routes/wishlist.tsx	226	HeartIcon
src/types/admin.ts	53	getAdminPermissions
src/types/admin.ts	114	hasPermission
